<?xml version="1.0" encoding="utf-8" ?>
<dwsync>
<file name="header.jpg" server="C:/Program Files/VertrigoServ/www/ewebcms/" local="128849235900000000" remote="128849235900000000" />
<file name="navigation.jpg" server="C:/Program Files/VertrigoServ/www/ewebcms/" local="128849250120000000" remote="128849250120000000" />
<file name="menu-list.gif" server="C:/Program Files/VertrigoServ/www/ewebcms/" local="128849289060000000" remote="128849289060000000" />
<file name="list-home.gif" server="C:/Program Files/VertrigoServ/www/ewebcms/" local="128849282220000000" remote="128849282220000000" />
<file name="list-content.gif" server="C:/Program Files/VertrigoServ/www/ewebcms/" local="128849315780000000" remote="128849315780000000" />
<file name="list-user.gif" server="C:/Program Files/VertrigoServ/www/ewebcms/" local="128849304240000000" remote="128849304240000000" />
<file name="list-extension.gif" server="C:/Program Files/VertrigoServ/www/ewebcms/" local="128849305500000000" remote="128849305500000000" />
<file name="list-admin.gif" server="C:/Program Files/VertrigoServ/www/ewebcms/" local="128849318740000000" remote="128849318740000000" />
<file name="list-preference.gif" server="C:/Program Files/VertrigoServ/www/ewebcms/" local="128849320360000000" remote="128849320360000000" />
<file name="front.gif" server="C:/Program Files/VertrigoServ/www/ewebcms/" local="129030230277343750" remote="129030230270000000" />
<file name="link-home.gif" server="C:/Program Files/VertrigoServ/www/ewebcms/" local="128849938940000000" remote="128849938940000000" />
<file name="link-front.gif" server="C:/Program Files/VertrigoServ/www/ewebcms/" local="129030231690000000" remote="129030231690000000" />
<file name="link-content.gif" server="C:/Program Files/VertrigoServ/www/ewebcms/" local="128850024060000000" remote="128850024060000000" />
<file name="link-user.gif" server="C:/Program Files/VertrigoServ/www/ewebcms/" local="128850025040000000" remote="128850025040000000" />
<file name="link-newsletter.gif" server="C:/Program Files/VertrigoServ/www/ewebcms/" local="128953881540000000" remote="128953881540000000" />
<file name="link-extension.gif" server="C:/Program Files/VertrigoServ/www/ewebcms/" local="128850024700000000" remote="128850024700000000" />
<file name="link-admin.gif" server="C:/Program Files/VertrigoServ/www/ewebcms/" local="128850025220000000" remote="128850025220000000" />
<file name="link-news-article.gif" server="C:/Program Files/VertrigoServ/www/ewebcms/" local="128953883080000000" remote="128953883080000000" />
<file name="link-preference.gif" server="C:/Program Files/VertrigoServ/www/ewebcms/" local="128920043260000000" remote="128920043260000000" />
<file name="feedback.gif" server="C:/Program Files/VertrigoServ/www/ewebcms/" local="128914962620000000" remote="128914962620000000" />
<file name="link-video.gif" server="C:/Program Files/VertrigoServ/www/ewebcms/" local="128953056360000000" remote="128953056360000000" />
<file name="code.gif" server="C:/Program Files/VertrigoServ/www/ewebcms/" local="128914965140000000" remote="128914965140000000" />
<file name="link-articles.gif" server="C:/Program Files/VertrigoServ/www/ewebcms/" local="128951150560000000" remote="128951150560000000" />
<file name="link-links.gif" server="C:/Program Files/VertrigoServ/www/ewebcms/" local="129047911327656250" remote="129047911320000000" />
<file name="right-side-l-t-c.jpg" server="C:/Program Files/VertrigoServ/www/ewebcms/" local="128849358300000000" remote="128849358300000000" />
<file name="right-side-l-b-c.jpg" server="C:/Program Files/VertrigoServ/www/ewebcms/" local="128849358680000000" remote="128849358680000000" />
<file name="right-side-r-t-c.jpg" server="C:/Program Files/VertrigoServ/www/ewebcms/" local="128849359240000000" remote="128849359240000000" />
<file name="right-side-r-b-c.jpg" server="C:/Program Files/VertrigoServ/www/ewebcms/" local="128849359000000000" remote="128849359000000000" />
<file name="reject.jpg" server="C:/Program Files/VertrigoServ/www/ewebcms/" local="128929636620000000" remote="128929636620000000" />
<file name="unverified.jpg" server="C:/Program Files/VertrigoServ/www/ewebcms/" local="128929636940000000" remote="128929636940000000" />
<file name="content-block-l-t-c.jpg" server="C:/Program Files/VertrigoServ/www/ewebcms/" local="128850033060000000" remote="128850033060000000" />
<file name="content-block-r-t-c.jpg" server="C:/Program Files/VertrigoServ/www/ewebcms/" local="128850033360000000" remote="128850033360000000" />
<file name="content-block-l-b-c.jpg" server="C:/Program Files/VertrigoServ/www/ewebcms/" local="128850033800000000" remote="128850033800000000" />
<file name="content-block-r-b-c.jpg" server="C:/Program Files/VertrigoServ/www/ewebcms/" local="128850033600000000" remote="128850033600000000" />
<file name="label-required.png" server="C:/Program Files/VertrigoServ/www/ewebcms/" local="128850974240000000" remote="128850974240000000" />
<file name="label-common.png" server="C:/Program Files/VertrigoServ/www/ewebcms/" local="128851003200000000" remote="128851003200000000" />
<file name="label-help.png" server="C:/Program Files/VertrigoServ/www/ewebcms/" local="128851007700000000" remote="128851007700000000" />
<file name="footer.jpg" server="C:/Program Files/VertrigoServ/www/ewebcms/" local="128850022400000000" remote="128850022400000000" />
</dwsync>